,Predicted_Price
0,10458.72
1,4225.14
2,15062.996666666668
3,12195.753333333332
4,3752.28
5,10307.89
6,10972.37
7,5738.8
8,4527.72
9,13544.248833333333
10,9516.265
11,6455.91
12,14250.846666666665
13,11065.42
14,13426.772666666666
15,16827.35
16,8977.91
17,11806.98
18,10911.5775
19,12745.244
20,15023.57
21,12960.5025
22,13290.572
23,13439.455
24,4624.58
25,9633.31833333333
26,4799.59
27,14531.217142857144
28,13136.04
29,11935.437285714284
30,5013.993333333333
31,7861.05
32,14191.026666666665
33,6243.724
34,5803.321666666668
35,4293.583333333333
36,5623.99
37,19292.96
38,11627.3825
39,8023.676666666666
40,3984.443333333333
41,12412.315
42,1996.9533333333334
43,7808.25
44,7003.73
45,5378.096666666667
46,17200.89
47,3869.98
48,8184.5775
49,8840.89
50,12399.595
51,12974.440833333334
52,10868.886666666665
53,12830.316666666666
54,3553.65
55,5546.141
56,6646.61
57,7832.0
58,5565.49
59,8850.67
60,9638.143333333333
61,10208.75
62,6250.96
63,6829.62
64,6837.492428571428
65,4166.29
66,5639.65
67,11746.7
68,3937.24
69,7460.291333333333
70,2754.0
71,14016.268499999998
72,13674.88
73,6691.09
74,4399.13
75,5857.040333333333
76,3595.8266666666664
77,13166.66
78,7588.67
79,10539.6675
80,3683.42
81,9338.74
82,6848.86
83,4592.25
84,8353.83
85,8044.46
86,3471.3226666666665
87,14379.622
88,4132.387
89,9237.019166666667
90,10124.045
91,11017.136666666665
92,5983.96
93,8834.55
94,3149.92
95,3227.58
96,10700.665
97,14716.045
98,2227.502
99,10535.82
100,10513.7
101,8887.437499999998
102,11513.78
103,10065.75
104,4164.37
105,9466.3675
106,2418.57
107,14841.24
108,7833.51
109,9826.529333333334
110,15291.413333333336
111,16046.93
112,3848.530666666667
113,5795.89
114,9459.67
115,13486.25
116,12170.79
117,5593.37
118,16550.72
119,10443.04
120,12317.81
121,13291.99
122,4988.78
123,4807.125
124,5048.64
125,12267.341666666667
126,5178.05
127,5511.05
128,6640.3
129,4107.93
130,15779.839571428569
131,5473.05
132,7360.85
133,4808.2
134,5527.5
135,12442.105833333335
136,12904.15
137,3715.268666666667
138,5695.88
139,7275.84
140,16823.92
141,10462.938333333334
142,12637.658333333335
143,14224.694166666668
144,7260.668000000001
145,7448.4
146,3935.75
147,5545.085
148,11993.013333333332
149,8291.25
150,12362.203333333333
151,13082.61
152,8930.101666666666
153,4523.659166666667
154,3928.9980000000005
155,3962.733333333333
156,4603.31
157,4826.34
158,10762.154166666667
159,3158.6513333333332
160,5487.015833333334
161,7714.406
162,4852.79
163,3811.19
164,4121.565476190477
165,7449.87
166,10877.16
167,3955.284833333333
168,6773.68
169,6121.49
170,13343.36
171,11283.864
172,6680.462166666667
173,3648.92
174,12520.030833333332
175,3862.18
176,5004.04
177,10884.33
178,8350.276666666667
179,10539.6675
180,8558.23
181,2810.81
182,3851.0
183,16643.425
184,14191.45
185,13309.35
186,11939.811166666666
187,10689.79
188,6543.66
189,3871.0759999999996
190,10745.992333333334
191,12296.19
192,2248.03
193,7616.56
194,10526.64
195,4219.27
196,11695.87
197,8744.67
198,5296.6016666666665
199,6756.11
200,13255.696666666665
201,11397.645
202,7935.12
203,3549.633
204,6736.99
205,3663.5200000000004
206,8658.989999999998
207,12192.317658730157
208,10284.54
209,9386.2
210,5476.026666666668
211,10518.11
212,11552.31
213,5762.39
214,23843.23
215,12018.225
216,13834.326666666668
217,12608.84
218,10999.9485
219,20211.821333333333
220,4153.3
221,6272.84
222,12021.72
223,3598.36
224,4747.27580952381
225,9649.11
226,4586.83
227,2842.59
228,6067.24
229,13136.355
230,13647.5
231,10952.323333333336
232,4654.4766666666665
233,27952.07
234,3819.62
235,7263.435
236,19009.18
237,4345.93
238,11518.9125
239,6373.61
240,11178.401666666667
241,13607.163333333332
242,17315.56
243,4965.96
244,16470.92
245,15148.0
246,10871.42
247,5422.46
248,12214.419333333331
249,7100.15
250,18470.8
251,10585.28
252,13575.77
253,7872.45
254,8255.84
255,13044.56
256,10215.69
257,5772.38
258,13116.964507936507
259,10927.11
260,14710.49
261,2883.82
262,4855.155
263,11754.817000000003
264,7442.682500000001
265,6146.78
266,15178.563333333332
267,3943.14
268,12222.271666666667
269,12677.380499999997
270,11025.736666666666
271,13208.565
272,4687.59
273,6945.28
274,8426.28
275,3635.1960000000004
276,10991.63
277,12635.819166666668
278,12350.605666666666
279,7605.230333333335
280,6730.06
281,10712.88
282,17186.79
283,8436.46
284,8983.77
285,4010.594
286,6882.72
287,6554.04
288,5518.98
289,10836.69
290,14398.851666666666
291,12839.515
292,11873.82
293,8336.41
294,12192.317658730157
295,12315.77
296,12866.07666666667
297,14584.71
298,8557.864333333333
299,11305.1825
300,5346.74
301,4710.55
302,6365.74
303,9692.911666666667
304,10442.37
305,7320.45
306,12281.420333333332
307,5170.74
308,8976.6
309,5144.23
310,5201.5
311,10172.68
312,14232.14
313,14033.580166666663
314,6426.15
315,9392.38
316,8468.63
317,14356.931761904763
318,11025.11
319,8605.911666666667
320,14517.39
321,6766.296833333334
322,6501.06
323,13242.81
324,13569.78
325,3711.89
326,10347.13
327,11403.45
328,7694.46
329,12004.31
330,6344.913285714286
331,5879.2
332,2641.243666666667
333,3973.560595238095
334,6145.32
335,6667.17
336,14914.77
337,10873.407119047619
338,5201.11
339,12282.35
340,3886.12
341,11834.54
342,13385.738000000001
343,3089.5
344,13376.21
345,4688.89
346,10918.79
347,4927.35
348,10795.852333333334
349,14180.84
350,13839.586
351,8609.84
352,9831.693833333333
353,12985.24
354,11263.006761904762
355,6730.07
356,26586.27
357,11957.100666666669
358,5375.75
359,10137.33
360,4913.2
361,5209.31
362,3906.8821428571428
363,11802.13
364,9326.43
365,8761.633333333333
366,6239.1755
367,10717.05
368,4635.2891666666665
369,9944.96
370,4349.45
371,8947.021
372,3343.166
373,4320.22
374,11706.5
375,9304.0045
376,11733.423333333334
377,10337.485
378,7125.13
379,6298.23
380,8935.401
381,11982.646500000004
382,12959.05
383,5513.014166666666
384,5415.68
385,14682.63
386,4338.949666666666
387,3862.505777777778
388,5024.68
389,13129.41
390,13233.594333333334
391,10384.563333333332
392,3514.72
393,6917.05869047619
394,15894.413333333332
395,7407.293333333334
396,7417.58
397,6215.656666666666
398,24206.2
399,4256.99
400,13288.599333333334
401,4370.13
402,11379.213095238094
403,4634.15
404,10456.91
405,12631.919095238094
406,4804.0
407,8590.31
408,17112.76
409,12791.51
410,8209.74
411,3868.3066666666664
412,12934.452690476191
413,13390.012000000002
414,12350.265
415,4777.43
416,13223.51
417,11083.89
418,13324.153333333332
419,6501.49
420,13337.052333333333
421,3604.88
422,6495.42
423,14732.73
424,13339.745000000003
425,5333.761333333334
426,7275.628214285714
427,5112.68
428,6016.87
429,11244.698
430,15752.53
431,10384.56
432,3465.981666666666
433,3674.36
434,4611.1
435,9370.4625
436,4244.83
437,11545.909333333333
438,10951.618333333332
439,9823.245
440,11094.492
441,9690.655999999999
442,12929.953499999998
443,3550.218
444,8117.943
445,8038.64
446,11883.35
447,3847.48
448,15732.12
449,10042.52
450,7560.98
451,10625.975416666664
452,5489.92
453,8812.91
454,14926.0425
455,8407.593
456,3400.78
457,13913.5875
458,6779.67
459,13138.29866666667
460,18951.035000000003
461,12715.27
462,9441.4775
463,11927.172976190475
464,5768.273333333333
465,13640.28
466,7509.5
467,7236.419
468,5652.39
469,11260.81
470,8797.81
471,11218.988333333335
472,4172.92
473,14111.645
474,15217.723333333335
475,6031.68
476,5284.48
477,4645.1
478,9577.011
479,11331.482833333332
480,7936.4
481,13462.54
482,6264.42
483,12723.61
484,12230.939642857144
485,18882.6
486,11337.900166666666
487,6450.79
488,14489.528333333332
489,13644.216
490,7752.24
491,12370.71
492,13731.347333333331
493,13943.78
494,3625.96
495,4120.32
496,15162.14
497,11883.35
498,7071.781333333333
499,12942.116333333333
500,5486.82
501,13134.05
502,7246.73
503,12887.82
504,3835.71
505,10464.310333333335
506,15740.78
507,12338.886
508,4409.76
509,7850.215
510,9617.48
511,8390.13
512,4735.744650793651
513,3567.13
514,12779.171666666667
515,8286.59
516,6736.81
517,7196.32
518,4804.0
519,3844.84
520,7051.33
521,14704.595
522,6320.14
523,11401.549166666666
524,11643.948
525,13211.066166666664
526,2638.43
527,10656.94
528,6116.134166666667
529,2104.9286666666667
530,6630.53
531,19288.76
532,6646.24
533,12926.598
534,4733.42
535,10305.09
536,13973.039499999999
537,12030.484166666667
538,4154.08
539,7564.415
540,5871.8
541,5280.37
542,8824.58
543,2229.1
544,16521.949333333334
545,14772.2
546,4796.93
547,7671.11
548,12852.726833333334
549,4165.75
550,5351.8575
551,9605.545
552,5371.3206666666665
553,8708.17
554,13146.75
555,7203.566666666667
556,2613.61
557,2589.541
558,4059.37
559,3950.578666666667
560,14972.106499999996
561,8446.4
562,6721.64
563,13654.29
564,7287.685
565,8807.03
566,11912.248333333335
567,5191.1050000000005
568,7394.513333333332
569,6773.938333333333
570,14763.638333333334
571,6770.83
572,7505.34
573,9102.84
574,9373.565833333334
575,7546.26
576,11769.97
577,13558.1605
578,11389.134333333333
579,8380.9
580,7310.720761904762
581,13231.698
582,11645.8865
583,10761.36
584,6001.94
585,14606.618000000002
586,7706.42
587,3397.77
588,6385.822000000001
589,4891.3
590,5685.68
591,9318.52
592,4359.14
593,10839.59
594,10277.37
595,8151.11
596,15187.21833333333
597,5989.71
598,6409.3
599,9314.04
600,8939.84
601,8565.56
602,13655.057928571428
603,4798.9
604,6001.14
605,15185.613000000001
606,6477.07
607,12013.485
608,6352.01
609,8752.62
610,10479.19
611,5508.993333333334
612,11288.669
613,12149.589166666665
614,5355.9
615,4224.28
616,6891.505
617,4291.379333333333
618,12750.5305
619,13164.426666666664
620,12910.37
621,5992.5
622,15520.713571428572
623,5647.65
624,27404.2
625,16359.278333333332
626,9034.13
627,2908.76
628,12620.273333333334
629,2704.84
630,4048.5033333333336
631,5296.45
632,13616.35
633,14898.693999999996
634,12766.237
635,16204.94
636,4806.1
637,16684.025
638,7109.39
639,7072.6
640,15531.24
641,6495.54
642,7718.6641666666665
643,4238.44
644,9633.31833333333
645,10258.915
646,3744.175
647,14972.24
648,8129.2475
649,7147.3385
650,9080.29
651,9918.552666666666
652,6659.07
653,4776.01
654,4036.47
655,10049.26
656,4291.89
657,15249.8
658,8473.2
659,6496.91
660,13998.613333333333
661,4808.2
662,15590.391666666665
663,5747.64
664,9098.086988095238
665,4141.51
666,7081.7
667,7279.93
668,7176.31
669,4106.972
670,14191.55
671,6381.145
672,6781.845
673,9259.77
674,12857.439166666665
675,12297.699166666667
676,6349.936333333333
677,11973.960666666666
678,4816.6
679,10723.77
680,11329.07
681,7136.87
682,5159.09
683,13374.6805
684,4822.62
685,7016.7
686,7741.463333333334
687,5579.58
688,7831.015
689,7530.61
690,4931.89
691,16599.271
692,6646.32
693,4114.067333333333
694,10223.454666666668
695,12012.96
696,5875.68
697,8626.41
698,13356.39
699,6858.23
700,8897.04
701,5379.7
702,7341.82
703,9971.39
704,8015.354595238096
705,8881.06
706,11219.298166666667
707,6313.33
708,6423.21
709,29849.41
710,12152.03
711,5089.992761904762
712,11874.671999999999
713,9567.36
714,7767.77
715,4533.12
716,12494.65
717,11490.29
718,13420.201666666666
719,18453.458333333336
720,9467.81
721,8649.48
722,9715.395
723,7905.97
724,14662.42
725,11512.03
726,5310.44
727,14054.5
728,6395.36
729,14539.82516666667
730,4681.83
731,8653.51
732,3643.62
733,6003.42
734,12728.29
735,14723.660166666668
736,9604.0
737,7474.62
738,4089.59
739,3812.03
740,12462.4925
741,13439.455
742,11482.45
743,11698.0975
744,6635.48
745,6399.43
746,5362.49
747,25280.33
748,11860.716666666667
749,4078.39
750,9706.02
751,6232.87
752,7218.725714285715
753,12182.0615
754,6775.89
755,8171.39
756,10588.214166666665
757,8142.43
758,6742.67
759,3908.96
760,7493.396000000001
761,15864.765
762,6709.6625
763,6893.28
764,4929.67
765,9702.72
766,8201.4
767,3535.13
768,12192.317658730157
769,3125.24
770,8097.756833333334
771,7885.55
772,11401.75
773,4734.34
774,13461.65
775,4157.98
776,10315.996666666666
777,4032.5153333333337
778,11400.7535
779,4759.35
780,10740.863000000001
781,8156.57
782,11082.505833333333
783,5973.07
784,9646.981333333333
785,14617.63
786,13677.216
787,5495.635
788,18195.141666666666
789,13748.387666666666
790,14016.268499999998
791,5205.3634999999995
792,4705.27
793,13036.568238095238
794,12192.317658730157
795,6153.79
796,13751.664166666667
797,3747.271666666666
798,6838.635
799,4769.04
800,11506.13
801,12812.51
802,8215.36
803,14184.611666666666
804,10489.98
805,10619.858666666667
806,17206.4225
807,3570.6024285714284
808,9209.97
809,12202.576666666668
810,12152.03
811,13282.225
812,6881.14
813,8199.932833333334
814,7305.11
815,10340.502666666665
816,6949.968333333334
817,9541.59
818,6709.32
819,12222.27
820,7638.11
821,6401.42
822,14443.1
823,13726.496000000001
824,9324.63
825,6923.04
826,3890.359999999999
827,4003.64
828,4215.608833333335
829,9897.88
830,9579.6075
831,15637.975
832,12812.77
833,11857.47
834,13561.58
835,11901.525
836,3219.15
837,9408.09
838,13909.988000000001
839,12046.393333333333
840,6227.12
841,3887.37569047619
842,4827.01
843,6447.416666666666
844,15065.094166666668
845,13356.403333333335
846,7215.79
847,6776.583166666667
848,8506.02
849,5385.705738095238
850,7239.784000000001
851,10773.27
852,7224.72
853,5343.75
854,7028.61
855,4667.64
856,13137.39
857,5193.77
858,4804.19
859,4814.2
860,11956.96
861,13509.0
862,13145.38
863,12318.183333333334
864,9890.82
865,11793.44
866,3594.86
867,14379.622
868,8594.91
869,4368.252
870,5985.69
871,14059.083833333332
872,15479.07
873,10792.67
874,3851.4
875,23970.955
876,9179.08
877,14030.05
878,3846.21
879,8244.222
880,19200.11
881,3961.47
882,6735.975
883,4641.894
884,16541.4125
885,11725.591666666665
886,7004.85
887,4621.529095238096
888,13263.65
889,8756.53
890,4006.32
891,4011.8366904761897
892,7346.86
893,4826.04
894,4044.7
895,8417.28
896,13969.21
897,7349.63
898,7490.848333333333
899,10339.67
900,3757.42
901,7895.0
902,9909.93930952381
903,15224.025
904,12628.62875
905,10041.32
906,4317.73
907,19644.03
908,3137.58
909,6215.656666666666
910,14209.72
911,12155.25
912,5804.11
913,3852.2820000000006
914,8639.71
915,15296.059571428574
916,9774.73
917,10340.502666666665
918,3551.82
919,7262.61
920,7653.39
921,10381.6625
922,4656.68
923,5318.627611111111
924,7364.91
925,13547.15
926,13031.535333333331
927,11980.4125
928,5155.3533333333335
929,14288.59
930,5909.5
931,11678.2225
932,3554.4390000000003
933,7070.874666666667
934,9910.67
935,7471.06
936,4628.78
937,9405.67
938,6204.25
939,12543.823833333334
940,10833.82
941,3935.54
942,3604.0879999999997
943,12102.22
944,5944.64
945,5790.34
946,4441.24
947,9325.148666666666
948,12019.090285714286
949,6826.473238095238
950,12876.29
951,3910.781
952,6268.51
953,12887.074833333334
954,27398.98
955,3652.2693333333336
956,7850.51
957,4972.8
958,8348.69
959,12956.8775
960,13505.663999999997
961,10030.74
962,5920.69
963,13070.61
964,5614.7
965,10934.263333333332
966,12854.285
967,4581.65
968,18453.458333333336
969,7899.565
970,5504.44
971,9848.633333333333
972,4331.59
973,3317.67
974,13208.565
975,8232.7075
976,3305.46
977,13640.28
978,4957.223333333333
979,12322.238333333333
980,9750.545
981,4883.38
982,7108.24
983,10745.210666666666
984,4907.7
985,7182.58
986,4471.0
987,11632.62
988,11654.643666666667
989,3580.29
990,6523.818333333333
991,5294.31
992,11560.193333333333
993,3929.1
994,14919.523333333334
995,6867.9775
996,7441.81
997,7634.9
998,4905.836333333333
999,10185.01
1000,4020.98
1001,12550.500452380951
1002,3863.67
1003,5298.96
1004,16193.394166666665
1005,12934.806166666667
1006,11540.25
1007,10691.63
1008,8047.3
1009,4121.283428571429
1010,7154.03
1011,14288.59
1012,7954.51
1013,11252.787166666669
1014,7452.55
1015,9126.8475
1016,10934.661666666665
1017,11044.92
1018,5029.2
1019,10152.394214285714
1020,6173.660333333333
1021,4032.5153333333337
1022,13448.33
1023,9584.1
1024,5125.37
1025,11025.72
1026,6122.898666666667
1027,4863.912666666667
1028,5937.79
1029,5537.191547619047
1030,4803.29
1031,11440.05
1032,12530.037333333332
1033,8117.943
1034,15957.818333333335
1035,10317.87
1036,8389.713333333333
1037,12595.55
1038,5174.903166666667
1039,13811.848500000004
1040,4847.56
1041,13385.738000000001
1042,15331.02
1043,7543.12
1044,5385.705738095238
1045,3919.58
1046,5684.29
1047,6447.11
1048,6517.86
1049,2000.8100000000006
1050,5380.57
1051,2064.816666666667
1052,5855.06
1053,2081.3266666666664
1054,11041.06
1055,4814.2
1056,12730.52026190476
1057,15288.676666666668
1058,9293.535
1059,8688.820309523811
1060,6328.166
1061,3819.04
1062,9188.9
1063,14628.56
1064,16110.611666666668
1065,4655.3
1066,6596.054666666668
1067,6409.18
1068,7303.22
1069,4971.01
1070,8222.92
1071,10978.76
1072,8606.64
1073,5546.339
1074,6645.11
1075,7479.0875
1076,11772.488261904764
1077,9956.68
1078,7910.411666666668
1079,10724.598
1080,16480.8
1081,6961.4525
1082,11283.864
1083,13675.471666666665
1084,7328.164166666668
1085,12522.28
1086,12669.41
1087,14485.566666666666
1088,10439.016666666668
1089,10350.036333333333
1090,12923.128833333332
1091,12328.26
1092,4377.25
1093,13746.5
1094,13092.403333333335
1095,10308.02
1096,6981.849499999999
1097,6662.86
1098,6421.84
1099,4158.81
1100,12849.426666666668
1101,11553.62
1102,5630.67
1103,3846.7173333333335
1104,6959.21
1105,14320.901333333335
1106,7832.0
1107,19181.763333333336
1108,13297.415
1109,5817.16
1110,9172.81
1111,5912.023333333333
1112,4804.0
1113,8316.72
1114,8689.78
1115,10849.224000000002
1116,7101.250166666666
1117,7517.43
1118,13094.79
1119,5237.56
1120,16835.774666666668
1121,4198.84
1122,13446.91
1123,5471.923666666668
1124,4868.88
1125,14230.26
1126,3854.1975000000007
1127,11098.924166666666
1128,5640.78
1129,4928.93
1130,13045.839333333333
1131,9776.2165
1132,9056.393
1133,10917.075
1134,5421.308000000001
1135,7734.568333333333
1136,6600.63
1137,9157.96
1138,6566.71
1139,3096.54
1140,14733.85
1141,11623.39
1142,6358.57
1143,10163.55
1144,3122.56
1145,6617.715
1146,3160.44
1147,2675.95
1148,20457.75
1149,14846.13
1150,4813.03
1151,5795.03
1152,3869.788666666667
1153,12783.606666666665
1154,11997.341000000004
1155,2148.498
1156,10841.487000000001
1157,3364.38
1158,10426.060833333333
1159,3918.7366666666667
1160,5254.713333333335
1161,4812.4
1162,10022.7575
1163,21010.889
1164,7237.88
1165,4861.0
1166,7993.71
1167,25379.05
1168,3156.91
1169,3593.22
1170,4850.131666666666
1171,4896.78
1172,11804.825666666666
1173,8996.22
1174,6493.3325
1175,12292.08
1176,7620.74
1177,11982.0
1178,6472.0
1179,14913.43
1180,17075.375
1181,9022.63
1182,10495.04
1183,7827.865
1184,11622.43
1185,11884.83
1186,10654.7595
1187,3576.619
1188,3576.619
1189,4340.6033333333335
1190,12086.16
1191,14644.253333333332
1192,4219.0
1193,5909.41
1194,10702.46
1195,4170.443333333334
1196,9364.22
1197,13693.011666666667
1198,4218.73
1199,2179.576666666667
1200,16129.69
1201,9359.313
1202,6185.15
1203,12717.078666666666
1204,14205.59
1205,13644.216
1206,13310.31
1207,8211.032666666668
1208,4909.623333333333
1209,14271.02
1210,4842.45
1211,14515.106666666667
1212,3095.85
1213,8721.22
1214,12304.510476190479
1215,8473.968333333334
1216,11872.237666666664
1217,4570.965
1218,14596.82
1219,7252.375
1220,10237.52
1221,6881.22
1222,3909.664
1223,8887.249333333333
1224,10118.115166666665
1225,10817.66
1226,5317.55
1227,8721.6
1228,12863.915833333334
1229,15216.57
1230,14380.5
1231,16482.5025
1232,3863.5666666666675
1233,11643.948
1234,15734.408333333333
1235,10354.678333333333
1236,9883.6225
1237,10908.835500000001
1238,7306.03
1239,13540.47
1240,5963.31
1241,12000.966999999999
1242,9034.66
1243,11172.44
1244,6976.22
1245,8790.26
1246,8662.55
1247,3871.08
1248,4779.630166666667
1249,7965.28
1250,9890.63
1251,10281.51
1252,13384.08
1253,7203.929
1254,12707.22
1255,7567.28
1256,15856.481666666667
1257,15153.375
1258,4664.51
1259,6087.18
1260,7839.49
1261,12141.345
1262,14849.69
1263,11030.378999999999
1264,5412.4175
1265,7306.765
1266,15271.855
1267,12297.90166666667
1268,13065.71
1269,11338.425
1270,11435.816333333332
1271,13934.85
1272,10483.59
1273,12565.097833333335
1274,6296.88
1275,10246.24
1276,11482.86
1277,9440.2675
1278,7845.02
1279,14484.53
1280,7836.7038095238095
1281,10845.858333333335
1282,6629.19
1283,4823.0
1284,8026.076666666666
1285,6168.62
1286,3638.485333333333
1287,17330.275833333333
1288,13561.815333333332
1289,6640.545
1290,12495.896666666667
1291,2009.6866666666665
1292,12858.385
1293,12027.287333333334
1294,11337.76
1295,6200.15
1296,9071.71
1297,11199.303333333335
1298,5348.43
1299,9374.92
1300,2346.77
1301,13265.591666666667
1302,12901.581666666667
1303,9717.65
1304,13339.7025
1305,14468.34
1306,5306.27
1307,14836.23
1308,8041.31
1309,13895.265500000001
1310,12335.155
1311,13181.1525
1312,11802.82
1313,11883.783869047618
1314,12350.624333333333
1315,4716.59
1316,3182.95
1317,13492.43
1318,9264.17
1319,8476.88
1320,8244.83
1321,4926.65
1322,6457.68
1323,4581.65
1324,5133.4
1325,13222.4625
1326,3950.78
1327,13272.42
1328,6720.05
1329,4669.08
1330,4871.29
1331,10902.609666666667
1332,10312.04
1333,7287.1433333333325
1334,10982.97
1335,11985.26
1336,10007.90142857143
1337,11018.175
1338,11869.358166666667
1339,11774.01
1340,9709.23
1341,10663.58
1342,13795.08
1343,2922.44
1344,5361.57
1345,11073.053333333335
1346,15493.255500000001
1347,14405.59
1348,9304.0045
1349,12856.734166666665
1350,11629.8
1351,16032.562238095237
1352,12178.78
1353,6868.545
1354,11754.987
1355,11557.91
1356,3577.978761904761
1357,6592.67
1358,5281.4325
1359,7072.81
1360,10864.1575
1361,3690.41
1362,10570.603500000001
1363,5739.49
1364,9536.007
1365,11445.59
1366,3003.18
1367,11898.71
1368,8922.61
1369,13144.956
1370,13878.201666666668
1371,8557.864333333333
1372,7322.881666666666
1373,8336.394166666667
1374,6740.67
1375,10772.83
1376,9189.4375
1377,14602.47
1378,6995.34
1379,9782.61
1380,13117.2525
1381,12143.51
1382,4601.83
1383,5743.11
1384,12076.185
1385,7111.706
1386,6298.84
1387,8812.61
1388,4027.633
1389,13374.6805
1390,4967.59
1391,3693.925
1392,7747.78
1393,6523.555
1394,11493.515
1395,4857.755
1396,6544.08
1397,6404.82
1398,3267.84
1399,10025.394833333332
1400,5583.54
1401,2024.4753333333335
1402,4833.4
1403,7854.58
1404,10804.73
1405,5980.859952380953
1406,5633.87
1407,2799.44
1408,14017.35807142857
1409,3794.228333333333
1410,11109.196499999998
1411,3945.08
1412,12180.13
1413,6080.355
1414,7836.44
1415,12612.273904761905
1416,15795.434999999998
1417,20154.59
1418,26899.26
1419,14400.678333333335
1420,13903.66
1421,13409.246666666668
1422,11975.072833333334
1423,4796.86
1424,13908.468
1425,7334.55
1426,15394.993333333332
1427,3100.0
1428,5409.46
1429,4824.5
1430,10424.51
1431,10241.59
1432,8068.267333333333
1433,11574.248333333335
1434,13834.8175
1435,8983.16
1436,11086.82
1437,5510.75
1438,5254.047071428571
1439,7259.24
1440,6236.33
1441,3855.6133333333332
1442,13088.78
1443,12140.225833333336
1444,3497.63
1445,6752.53
1446,4204.67
1447,4479.966666666667
1448,7376.73
1449,10423.950833333334
1450,6236.22
1451,10188.13
1452,4823.0
1453,3561.275333333333
1454,14794.708333333336
1455,6476.15
1456,13950.77
1457,12288.19
1458,10567.2
1459,10513.275
1460,10775.07
1461,16463.509000000002
1462,11980.4125
1463,6026.3
1464,4019.78
1465,5335.1
1466,4457.61
1467,5375.805
1468,11612.6495
1469,18872.493333333336
1470,16734.813333333335
1471,12531.688
1472,13280.5415
1473,8206.0
1474,13319.15
1475,4198.86
1476,4356.34
1477,4081.38
1478,10172.05
1479,12885.46
1480,8458.94
1481,6138.22
1482,11251.917166666666
1483,14393.02
1484,12362.203333333333
1485,4599.07
1486,3843.87
1487,7688.225
1488,10516.07
1489,7359.21
1490,17107.01
1491,10959.461000000001
1492,7442.41
1493,6016.21
1494,15030.98
1495,2785.14
1496,10024.44
1497,5805.76
1498,15258.9
1499,13119.82
1500,15913.5175
1501,14817.331
1502,4025.16
1503,13273.31
1504,10513.275
1505,11325.132333333335
1506,3934.89
1507,12423.225833333336
1508,16042.9075
1509,4212.38
1510,6798.06
1511,13472.8
1512,11309.39
1513,7165.84
1514,4585.945333333334
1515,10901.53
1516,15479.4475
1517,12146.308333333332
1518,13953.255833333335
1519,3861.47
1520,4959.09
1521,3626.816666666666
1522,3859.4719999999998
1523,4605.701
1524,15227.245166666664
1525,12115.6145
1526,6337.404619047619
1527,17335.7
1528,3994.9
1529,14275.966499999999
1530,4845.942
1531,3943.503333333333
1532,9721.26
1533,4006.19
1534,6505.81
1535,4878.62
1536,14639.22
1537,13044.56
1538,9149.59
1539,15424.9025
1540,6387.6833333333325
1541,5679.97
1542,11897.86
1543,5055.73
1544,6336.82
1545,10596.374166666665
1546,9686.795
1547,13331.69
1548,7863.235
1549,6176.28
1550,12774.457333333334
1551,8323.156666666666
1552,8044.57
1553,10706.118333333336
1554,10700.81
1555,12873.39714285714
1556,16222.38
1557,13113.01
1558,11118.824666666667
1559,10103.948333333334
1560,14960.0325
1561,15718.3
1562,4783.23
1563,13857.068333333333
1564,7562.15
1565,7864.79
1566,3144.435
1567,8690.05
1568,7486.0045238095245
1569,9593.7925
1570,8797.4
1571,3870.92
1572,2731.79
1573,7591.7775
1574,8524.97
1575,6342.43
1576,5922.16
1577,12657.75
1578,6392.11
1579,13402.415
1580,5576.206666666666
1581,11588.4905
1582,11610.728000000003
1583,12230.898333333334
1584,10948.521666666666
1585,13451.323333333332
1586,11193.463
1587,4131.20561904762
1588,2191.2433333333333
1589,5344.754666666667
1590,6829.605583333334
1591,7428.222999999999
1592,12473.266333333333
1593,19172.296666666665
1594,3988.47
1595,10505.56
1596,11827.865523809525
1597,12347.759000000002
1598,13810.666666666668
1599,12218.679999999998
1600,3842.3827142857144
1601,4192.84
1602,13571.51
1603,12350.265
1604,7436.72
1605,8018.19
1606,6263.23
1607,6483.74
1608,8039.206666666666
1609,12795.054000000002
1610,12364.398000000001
1611,5855.570380952381
1612,7544.14
1613,3918.542000000001
1614,8620.87
1615,2325.68
1616,4621.529095238096
1617,5614.9205
1618,5298.03
1619,7032.51
1620,7490.56
1621,7066.301333333334
1622,29768.56
1623,11691.662
1624,2687.86
1625,3786.22
1626,12738.515
1627,7796.802
1628,11839.255833333335
1629,9724.143666666667
1630,12060.517000000002
1631,12406.2125
1632,16942.37
1633,13404.96
1634,12052.737666666666
1635,7645.69
1636,12243.87
1637,9652.197
1638,4186.24
1639,10888.74
1640,25316.03
1641,4842.14
1642,4868.98
1643,13086.088500000002
1644,3577.978761904761
1645,13689.130500000001
1646,5218.06
1647,6891.93
1648,11839.255833333335
1649,11137.993333333336
1650,5936.83
1651,4169.21
1652,14048.204
1653,5203.34
1654,6209.94
1655,13012.785
1656,5241.835
1657,3868.9733333333334
1658,12518.442
1659,13552.74
1660,10997.822666666667
1661,13071.22
1662,12092.155
1663,5457.448333333333
1664,10711.21
1665,7951.83
1666,3963.14
1667,6630.238666666667
1668,13121.971000000001
1669,16105.22
1670,4049.72
1671,5454.48
1672,9076.816428571427
1673,12720.550833333333
1674,4808.2
1675,13412.71
1676,15452.547500000002
1677,12134.976999999999
1678,11364.92
1679,6278.531666666668
1680,5344.87
1681,4177.83
1682,12516.720785714288
1683,11425.857833333332
1684,8762.69
1685,9054.09
1686,13677.216
1687,5421.922943722943
1688,4972.235833333334
1689,10705.46
1690,15685.265833333335
1691,5198.322833333334
1692,12000.966999999999
1693,7263.323333333333
1694,12801.24
1695,6565.45
1696,1971.5373333333334
1697,5013.9
1698,15964.175833333333
1699,3850.3979999999997
1700,14312.22
1701,7797.71
1702,4102.09
1703,13507.853333333334
1704,6780.48
1705,7253.3695
1706,9581.0
1707,10453.1875
1708,12978.090166666667
1709,10814.22
1710,8209.5275
1711,9042.17
1712,14208.64
1713,6265.36
1714,5037.7675
1715,13534.295166666667
1716,8514.16
1717,2191.2433333333333
1718,10994.261666666667
1719,6122.304166666668
1720,3599.61
1721,2008.5599999999997
1722,13768.298499999999
1723,16202.5125
1724,11690.118833333334
1725,12442.105833333335
1726,10220.05
1727,9051.235
1728,17082.1
1729,6753.1
1730,6385.186
1731,8851.65
1732,2242.77
1733,11544.26
1734,8992.8
1735,13534.054999999998
1736,8590.56
1737,11063.711000000001
1738,17732.41
1739,2754.0
1740,6921.38
1741,12462.4925
1742,7433.44
1743,14781.503333333334
1744,14325.03
1745,1979.0600000000004
1746,5685.34
1747,11737.66
1748,5394.21
1749,15727.7625
1750,10914.25
1751,8873.26
1752,8097.756833333334
1753,15271.855
1754,4268.52
1755,8838.33
1756,14980.5
1757,5409.813333333333
1758,6749.16
1759,13347.98
1760,11121.13
1761,6024.38
1762,8300.33
1763,6529.22
1764,14534.94
1765,6335.51
1766,4192.9
1767,8827.93
1768,3906.8821428571428
1769,4823.0
1770,8028.81
1771,15155.085
1772,6246.89
1773,3975.324666666666
1774,4111.516666666666
1775,11215.47
1776,5353.58
1777,7359.24
1778,4345.71
1779,4920.485
1780,2889.24
1781,10768.94
1782,6674.446666666668
1783,11774.01
1784,6531.215999999999
1785,13199.0
1786,4131.20561904762
1787,6641.06
1788,13465.981000000002
1789,7328.24
1790,4616.66
1791,4820.99
1792,13399.243999999999
1793,6994.79
1794,9166.2575
1795,12350.605666666666
1796,4287.75
1797,12770.777333333333
1798,11733.604
1799,4830.83
1800,2012.4160000000002
1801,4832.38
1802,62581.2
1803,4854.948666666667
1804,10390.92
1805,12203.075
1806,12121.933500000001
1807,10337.485
1808,3594.01
1809,15189.516666666668
1810,6554.54
1811,6960.23
1812,13278.33
1813,12150.94
1814,3976.45
1815,13152.25
1816,15359.404499999999
1817,12024.05
1818,6750.8166666666675
1819,40709.61
1820,4568.176499999999
1821,3554.004428571429
1822,12862.74
1823,6758.864166666667
1824,7843.1
1825,12276.88
1826,6287.020000000001
1827,4173.596666666667
1828,5501.7
1829,7968.41
1830,13517.88
1831,13059.756000000001
1832,5463.045
1833,3792.2633333333333
1834,12573.61
1835,7798.24
1836,13657.1
1837,5260.28
1838,11083.8
1839,15800.353428571429
1840,8759.429023809522
1841,8412.13
1842,7493.09
1843,6316.1165
1844,5777.0
1845,8261.71
1846,17155.1475
1847,12552.088666666667
1848,13946.621666666668
1849,13279.446666666665
1850,13086.833000000002
1851,11947.69
1852,13617.52
1853,5282.696666666667
1854,6240.3945
1855,6205.34
1856,3124.136
1857,3339.36
1858,8018.31
1859,15273.221904761906
1860,10152.394214285714
1861,15608.75
1862,7529.351666666667
1863,10738.58
1864,16010.7
1865,3570.6024285714284
1866,8112.17
1867,11484.46
1868,13170.32
1869,9986.981
1870,5505.77
1871,8596.42
1872,4800.57
1873,7214.466476190475
1874,6528.965857142857
1875,3880.13
1876,13647.5
1877,15293.66
1878,11606.06
1879,13838.193333333333
1880,11784.838833333335
1881,3852.67
1882,2007.2086666666669
1883,3758.02
1884,6228.22
1885,2937.96
1886,10231.61
1887,2439.88
1888,11980.861666666668
1889,13018.97
1890,9052.66
1891,9809.09
1892,16095.35
1893,10102.765
1894,10275.65
1895,7458.93
1896,10849.018999999998
1897,11187.84
1898,10188.67
1899,14351.685
1900,4057.538666666667
1901,5143.843333333334
1902,14116.628
1903,9432.31
1904,9292.5685
1905,11496.778333333332
1906,4635.4
1907,4305.96
1908,6923.53
1909,2241.31
1910,27862.29
1911,13928.16
1912,4793.053333333333
1913,13026.215999999999
1914,11725.96
1915,5901.375
1916,13834.8175
1917,11674.125
1918,11151.46
1919,3864.706666666667
1920,13578.935833333335
1921,14237.64
1922,5092.7
1923,6855.51
1924,8331.8
1925,12954.062833333332
1926,12705.94
1927,5951.76
1928,4575.24
1929,12874.53
1930,12685.597142857143
1931,3105.25
1932,8518.78
1933,6047.07
1934,5852.84
1935,8105.610833333332
1936,4828.8
1937,11086.82
1938,7063.425
1939,4058.88
1940,12522.083833333332
1941,7819.01
1942,11070.05
1943,13505.663999999997
1944,6154.89
1945,17066.0975
1946,5398.96
1947,7642.230666666666
1948,6766.6875
1949,7486.515
1950,5614.83
1951,8910.1005
1952,11935.3
1953,8470.78
1954,9557.21
1955,14330.96
1956,11340.926666666668
1957,11112.343333333334
1958,7213.0481666666665
1959,15314.323999999999
1960,5167.770666666667
1961,11548.115
1962,11975.072833333334
1963,6206.06
1964,4843.69
1965,6813.12
1966,4949.41
1967,5704.54
1968,14539.798833333332
1969,8739.79
1970,6606.79
1971,8325.804
1972,11627.513333333332
1973,12981.952166666668
1974,3607.0
1975,13561.905
1976,5417.12
1977,4804.0
1978,13534.054999999998
1979,11962.44
1980,21235.455
1981,7426.897333333334
1982,4194.46
1983,14657.37
1984,4295.107500000001
1985,14353.24
1986,11064.54
1987,5352.68
1988,7253.85
1989,7794.72
1990,5857.040333333333
1991,10056.864761904762
1992,4811.03425
1993,13118.2
1994,9252.65
1995,12725.286142857141
1996,4821.19
1997,14118.35
1998,4996.96
1999,9003.23
2000,3985.546666666667
2001,7548.88
2002,12997.21
2003,5456.34
2004,3898.3725952380946
2005,3982.07
2006,7990.56
2007,11109.196499999998
2008,11929.18
2009,11840.67
2010,15002.28
2011,6683.91
2012,7147.145000000001
2013,5131.39
2014,6663.45
2015,16967.38
2016,7006.7325
2017,4725.23
2018,9566.38
2019,7012.63
2020,8826.58
2021,11663.91
2022,3136.34
2023,3869.0533333333337
2024,9376.541833333333
2025,4103.65
2026,6053.72
2027,6142.55
2028,4775.72
2029,12113.13
2030,4216.0
2031,5742.793333333334
2032,5198.322833333334
2033,11269.163333333336
2034,6156.47
2035,6759.038333333333
2036,6187.86
2037,6256.97
2038,4638.63
2039,11759.15
2040,10105.88
2041,6034.48
2042,13402.415
2043,11188.26
2044,10605.41
2045,7446.91
2046,8452.7675
2047,7443.020833333334
2048,9762.81
2049,7714.862166666666
2050,3988.624333333334
2051,3573.59
2052,8115.27
2053,16695.42
2054,4752.35
2055,10895.4925
2056,6654.82
2057,11019.961666666664
2058,2150.138666666667
2059,13218.92
2060,10934.661666666665
2061,12795.054000000002
2062,2190.89
2063,4989.0070000000005
2064,9570.863212121212
2065,12955.187214285712
2066,8511.001333333334
2067,4530.98
2068,5739.49
2069,9189.52
2070,5574.81
2071,7269.33
2072,12844.208333333336
2073,5006.382166666667
2074,4834.84
2075,6901.15
2076,7342.369083333333
2077,11953.69
2078,6223.3
2079,6078.7115
2080,13566.005833333333
2081,8801.66
2082,10287.14
2083,12086.16
2084,7679.165
2085,12887.12
2086,16320.475
2087,13913.5875
2088,13603.56
2089,4291.020666666667
2090,13482.546666666667
2091,5728.45
2092,5234.958333333333
2093,13586.51
2094,3584.256
2095,12926.598
2096,27812.55
2097,4685.97
2098,9046.36
2099,13232.816666666666
2100,11338.59
2101,12488.83
2102,6236.4141666666665
2103,7992.18
2104,4181.349333333333
2105,5808.472166666666
2106,7198.9
2107,4093.86
2108,2262.12
2109,9716.734166666665
2110,9429.15
2111,6689.95
2112,5950.91
2113,12716.749166666668
2114,9993.43
2115,10318.4
2116,10813.4975
2117,13010.228333333334
2118,4719.8
2119,17159.551666666666
2120,14186.288333333332
2121,8174.9
2122,5016.676666666667
2123,9583.513500000001
2124,4505.04
2125,14785.245
2126,11554.81
2127,5432.85
2128,5540.369166666666
2129,3166.96
2130,4812.4
2131,11108.561333333335
2132,8083.295
2133,5224.638333333333
2134,4657.2
2135,12473.266333333333
2136,6815.87
2137,4666.895
2138,6041.73
2139,13032.934
2140,9897.06
2141,2100.632666666667
2142,5053.87
2143,4356.745
2144,12450.37
2145,8998.63
2146,3602.06
2147,6179.526
2148,10801.764166666668
2149,7732.26
2150,4269.88
2151,9251.61
2152,4923.6
2153,1997.2600000000007
2154,7393.946666666668
2155,13678.711000000001
2156,10547.133333333333
2157,14450.73
2158,19182.663333333334
2159,11207.8
2160,5766.39
2161,9508.823666666665
2162,5796.89
2163,13363.554166666667
2164,12026.685619047617
2165,6544.866
2166,7912.7
2167,12616.77
2168,6936.22
2169,2175.383333333333
2170,8566.113333333335
2171,13571.51
2172,4437.83
2173,13276.81
2174,5629.33
2175,13625.887499999997
2176,9021.86
2177,13136.04
2178,4966.28
2179,6467.55
2180,6752.0775
2181,7573.14
2182,13542.44883333333
2183,13028.460666666666
2184,6771.95
2185,8335.17
2186,9869.92
2187,16138.675
2188,13186.63
2189,12310.4425
2190,6736.81
2191,4155.71619047619
2192,7142.47
2193,8302.87
2194,12409.256666666668
2195,17966.59866666667
2196,11609.78
2197,4931.364666666666
2198,6365.395
2199,2710.74
2200,14197.895
2201,14052.295
2202,14858.22
2203,14042.78
2204,10979.62
2205,7212.8875
2206,4113.75
2207,17318.67
2208,5155.73
2209,9369.793333333333
2210,3614.353333333333
2211,14225.362
2212,10721.945166666666
2213,8098.9299999999985
2214,10262.0
2215,6284.735
2216,13007.4875
2217,3856.985333333333
2218,6834.72
2219,13929.685999999998
2220,9713.12
2221,10938.12
2222,13887.136
2223,13948.326333333336
2224,3931.339166666666
2225,6471.48
2226,10277.33
2227,7104.15
2228,7831.03
2229,12100.12
2230,10914.198999999999
2231,11157.81
2232,12779.82
2233,6646.25
2234,8909.325
2235,9197.69
2236,11614.755
2237,15062.996666666668
2238,3590.5110000000004
2239,6885.97
2240,5500.99
2241,10800.35369047619
2242,11777.765333333333
2243,4676.4
2244,1981.2424761904765
2245,12190.6055
2246,10799.965833333335
2247,4136.477333333333
2248,12496.87
2249,3739.73
2250,5184.13
2251,12632.431166666667
2252,11226.813095238094
2253,11555.300666666664
2254,5689.12
2255,3689.9
2256,7092.56
2257,10978.236666666666
2258,13754.386666666665
2259,11083.89
2260,5713.81
2261,15326.633571428572
2262,1997.15
2263,7561.603333333333
2264,10025.394833333332
2265,12525.954166666665
2266,3551.685
2267,10133.26
2268,7214.466476190475
2269,4798.29
2270,10399.46
2271,5663.57
2272,12955.187214285712
2273,13319.15
2274,9582.44
2275,10767.244333333334
2276,12375.628
2277,4874.51
2278,13171.48
2279,6247.106785714285
2280,7473.92
2281,8001.8166666666675
2282,12232.09
2283,7397.26
2284,12476.14
2285,12779.171666666667
2286,14539.588333333333
2287,4127.95
2288,6408.66
2289,11058.131666666668
2290,11870.62
2291,7867.37
2292,5221.473333333332
2293,10531.42
2294,13552.495
2295,6201.000166666666
2296,10213.19
2297,7731.86
2298,17199.215
2299,13596.391666666668
2300,12128.23440873016
2301,10749.627666666665
2302,8146.08
2303,7110.176666666667
2304,12088.962
2305,3460.56
2306,7268.69
2307,8383.37
2308,12280.56
2309,8026.92
2310,9716.734166666665
2311,2797.1
2312,13638.383333333333
2313,8549.37
2314,13571.51
2315,10358.475642857142
2316,3976.45
2317,3743.39
2318,11172.328333333331
2319,6369.86
2320,6777.97
2321,8724.02
2322,5527.06
2323,13211.08
2324,12100.03
2325,5711.24
2326,12547.78
2327,24472.36
2328,12246.421166666667
2329,4402.34
2330,8927.17
2331,15132.194166666664
2332,12810.131666666664
2333,6098.008333333332
2334,12375.628
2335,7561.5774999999985
2336,13666.09
2337,12248.813333333332
2338,3967.6133333333332
2339,15824.51716666667
2340,13137.475333333332
2341,16554.875833333335
2342,12272.776666666665
2343,2106.6606666666667
2344,8735.293
2345,4958.85
2346,11235.893999999998
2347,7555.31
2348,11759.271666666666
2349,11827.865523809525
2350,12732.05
2351,13870.53
2352,6454.36
2353,6541.284166666667
2354,11468.422666666665
2355,11129.59
2356,3736.91
2357,2893.1
2358,19163.44
2359,17384.69
2360,13660.562666666663
2361,4275.75
2362,10232.41
2363,8694.81
2364,4302.31
2365,12725.286142857141
2366,12594.195
2367,13566.943333333333
2368,11982.0
2369,4795.08
2370,4679.19
2371,6724.059833333334
2372,14002.05
2373,13432.978333333333
2374,11350.489166666664
2375,7027.75
2376,13944.813499999998
2377,6569.02
2378,5438.443333333333
2379,15374.77
2380,3808.59
2381,4042.75
2382,3555.73
2383,5728.4495
2384,4228.16
2385,11982.646500000004
2386,9166.82
2387,3496.2983333333336
2388,11191.523333333333
2389,9745.480833333333
2390,8499.967666666666
2391,15920.9725
2392,13171.059666666668
2393,10310.044166666667
2394,16772.75
2395,15249.276666666667
2396,5836.034666666668
2397,13495.94
2398,2838.6533333333336
2399,7108.083333333334
2400,11584.549166666668
2401,9918.552666666666
2402,11957.36
2403,4804.82
2404,10717.03
2405,2230.2340000000004
2406,14390.118333333332
2407,10979.691
2408,9226.27
2409,7832.0
2410,6809.15
2411,3980.4
2412,8877.81
2413,2083.632
2414,5873.7
2415,4871.2
2416,16010.92
2417,4179.0
2418,10405.93
2419,6314.78
2420,11840.67
2421,4735.59
2422,15007.9
2423,5197.11
2424,12979.699166666667
2425,7322.94
2426,12135.732666666667
2427,3609.9593333333337
2428,14173.425333333333
2429,13675.471666666665
2430,6354.1
2431,11030.54
2432,8989.78
2433,13638.383333333333
2434,6575.453333333333
2435,19939.23733333333
2436,4138.89
2437,11669.402142857145
2438,28023.57
2439,4136.63
2440,12058.958333333336
2441,6523.818333333333
2442,10961.09
2443,4232.9
2444,11895.37
2445,8106.41
2446,3448.69
2447,3440.949
2448,8794.099845238094
2449,8552.333333333332
2450,9024.89
2451,8208.778
2452,5596.386333333333
2453,11303.26
2454,4412.91
2455,11431.157
2456,6376.74
2457,6100.017000000001
2458,10790.17433333333
2459,4011.1
2460,11376.64
2461,6776.08
2462,15375.156666666668
2463,14502.92
2464,11085.17
2465,4471.775333333333
2466,12610.991000000002
2467,3635.1960000000004
2468,5160.92
2469,13210.788
2470,14527.29
2471,13847.48
2472,10328.927095238096
2473,12935.32
2474,4185.79
2475,8837.39
2476,14648.437
2477,3207.42
2478,10646.84
2479,9547.79
2480,11641.82
2481,4787.25
2482,4824.48
2483,3088.07
2484,10426.542166666666
2485,7926.84
2486,11691.806
2487,27330.955
2488,13641.97
2489,7066.73
2490,16948.68
2491,12026.12
2492,17044.2575
2493,7934.58
2494,12522.23
2495,3869.4253333333345
2496,15282.302857142857
2497,3493.9956666666667
2498,14956.810833333333
2499,6788.46
2500,4724.71
2501,2347.11
2502,4435.375333333333
2503,12140.225833333336
2504,3739.56
2505,2332.97
2506,6371.895
2507,8224.27
2508,14101.956666666667
2509,10604.6
2510,9429.68
2511,12118.03
2512,5445.56
2513,14040.001761904761
2514,3556.48
2515,8472.81
2516,13201.58
2517,5096.97
2518,6570.84
2519,14148.3575
2520,6650.74
2521,13712.984499999999
2522,3920.38
2523,10358.475642857142
2524,12880.71
2525,6923.42
2526,2283.7
2527,14651.9275
2528,3953.334166666667
2529,12886.335
2530,9958.97
2531,19590.07
2532,3002.24
2533,13564.441333333332
2534,4982.56
2535,6204.36
2536,10663.58
2537,11231.70233333333
2538,8227.87
2539,4652.57
2540,14868.38
2541,6479.79
2542,6457.85
2543,4059.4606666666664
2544,3584.657
2545,10812.77
2546,5526.3
2547,9952.978333333333
2548,3632.23
2549,10849.224000000002
2550,5549.14
2551,5077.19
2552,4949.7
2553,12978.090166666667
2554,3590.434
2555,3088.98
2556,9881.595
2557,4394.92
2558,7844.975
2559,2083.632
2560,12423.225833333336
2561,11400.7535
2562,10314.72
2563,7374.04
2564,16805.483333333334
2565,4998.998333333334
2566,4824.67
2567,3162.78
2568,14644.253333333332
2569,17612.166666666668
2570,3215.28
2571,8927.686833333333
2572,5002.615
2573,8317.1
2574,15919.28
2575,11967.17
2576,4181.29
2577,12700.79
2578,15691.43
2579,5898.28
2580,4820.8
2581,27148.79
2582,11985.26
2583,7070.874666666667
2584,4230.7
2585,15669.1075
2586,13651.221547619047
2587,9451.18
2588,5554.309666666668
2589,12946.959166666667
2590,4851.12
2591,6451.82
2592,11872.9
2593,13705.95
2594,14096.145833333332
2595,3917.8426666666664
2596,4944.647333333334
2597,4345.156666666667
2598,10981.49
2599,7339.61
2600,7713.88
2601,7364.015833333334
2602,14079.2
2603,7463.11
2604,8187.22
2605,6673.36
2606,11301.07
2607,16631.27
2608,4895.85
2609,2000.8100000000006
2610,3623.0066666666667
2611,8326.7
2612,16452.85066666667
2613,3875.22
2614,4159.29
2615,15649.045
2616,3720.12
2617,7562.92
2618,13643.85
2619,8789.34
2620,12763.735666666667
2621,5546.01
2622,6053.088333333335
2623,6674.93
2624,4051.0214285714283
2625,5832.74
2626,6760.303333333333
2627,14845.77
2628,7293.89
2629,4801.66
2630,7121.57
2631,13212.94
2632,4338.949666666666
2633,5436.89
2634,6327.2
2635,11194.02
2636,27280.72
2637,5167.166833333334
2638,10016.21
2639,10697.53
2640,3974.39
2641,13708.566666666668
2642,12760.128
2643,11238.15
2644,10876.8
2645,12745.244
2646,16094.8125
2647,12842.35
2648,5448.59
2649,3340.3156666666664
2650,11696.8
2651,13785.351999999999
2652,11691.805
2653,13544.248833333333
2654,14473.29
2655,6479.27
2656,12678.583333333336
2657,8371.04
2658,10461.032
2659,14191.026666666665
2660,11812.876666666667
2661,8794.099845238094
2662,3199.4066666666663
2663,7020.78
2664,7426.94
2665,2002.580476190476
2666,10191.6
2667,5121.79
2668,15744.093904761905
2669,13700.04
2670,7365.93
